---
-- #%L
-- ObServe Core :: Persistence :: Migration
-- %%
-- Copyright (C) 2008 - 2025 IRD, Ultreia.io
-- %%
-- This program is free software: you can redistribute it and/or modify
-- it under the terms of the GNU General Public License as
-- published by the Free Software Foundation, either version 3 of the
-- License, or (at your option) any later version.
--
-- This program is distributed in the hope that it will be useful,
-- but WITHOUT ANY WARRANTY; without even the implied warranty of
-- MERCHANTABILITY or FITNESS FOR A PARTICULAR PURPOSE.  See the
-- GNU General Public License for more details.
--
-- You should have received a copy of the GNU General Public
-- License along with this program.  If not, see
-- <http://www.gnu.org/licenses/gpl-3.0.html>.
-- #L%
---
INSERT INTO ps_localmarket.BatchComposition (topiaId, topiaVersion, topiaCreateDate, lastUpdateDate, needComment, status, code, label1, label2, label3) VALUES ('fr.ird.referential.ps.localmarket.BatchComposition#${REFERENTIAL_PREFIX}01', 0, ${CURRENT_DATE}, ${CURRENT_TIMESTAMP}, FALSE, 1, '1', 'Multi specific (survey)'  , 'Multi spécifique (sondage)'      , 'Multi specific (survey) #TODO');
INSERT INTO ps_localmarket.BatchComposition (topiaId, topiaVersion, topiaCreateDate, lastUpdateDate, needComment, status, code, label1, label2, label3) VALUES ('fr.ird.referential.ps.localmarket.BatchComposition#${REFERENTIAL_PREFIX}02', 0, ${CURRENT_DATE}, ${CURRENT_TIMESTAMP}, FALSE, 1, '2', 'Mono specific (no survey)', 'Mono spécifique (pas de sondage)', 'Mono specific (no survey) #TODO');

INSERT INTO ps_localmarket.BatchWeightType (topiaId, topiaVersion, topiaCreateDate, lastUpdateDate, needComment, status, code, label1, label2, label3)  VALUES ('fr.ird.referential.ps.localmarket.BatchWeightType#${REFERENTIAL_PREFIX}01', 0, ${CURRENT_DATE}, ${CURRENT_TIMESTAMP}, FALSE, 1, '1', 'Weighing'                 , 'Pesée'                   , 'Weighing #TODO');
INSERT INTO ps_localmarket.BatchWeightType (topiaId, topiaVersion, topiaCreateDate, lastUpdateDate, needComment, status, code, label1, label2, label3)  VALUES ('fr.ird.referential.ps.localmarket.BatchWeightType#${REFERENTIAL_PREFIX}02', 0, ${CURRENT_DATE}, ${CURRENT_TIMESTAMP}, FALSE, 1, '2', 'Single species individual', 'Espèce unité'            , 'Single species individual #TODO');
INSERT INTO ps_localmarket.BatchWeightType (topiaId, topiaVersion, topiaCreateDate, lastUpdateDate, needComment, status, code, label1, label2, label3)  VALUES ('fr.ird.referential.ps.localmarket.BatchWeightType#${REFERENTIAL_PREFIX}03', 0, ${CURRENT_DATE}, ${CURRENT_TIMESTAMP}, FALSE, 1, '3', 'Packaging not weighted'   , 'Conditionnement non pesé', 'Packaging not weighted #TODO');

INSERT INTO ps_localmarket.Packaging (topiaId, topiaVersion, topiaCreateDate, lastUpdateDate, needComment, status, code, startdate, enddate, meanWeight, harbour, label1, label2, label3, batchComposition, batchWeightType) VALUES ('fr.ird.referential.ps.localmarket.Packaging#${REFERENTIAL_PREFIX}001', 0, ${CURRENT_DATE}, ${CURRENT_TIMESTAMP}, FALSE, 1, '1' , NULL        , NULL        , NULL        , '${Harbour_2}'    , 'Poisson pièce Abidjan TODO'                  , 'Poisson pièce Abidjan'                  , 'Poisson pièce Abidjan TODO'                  , 'fr.ird.referential.ps.localmarket.BatchComposition#${REFERENTIAL_PREFIX}02', 'fr.ird.referential.ps.localmarket.BatchWeightType#${REFERENTIAL_PREFIX}02');
INSERT INTO ps_localmarket.Packaging (topiaId, topiaVersion, topiaCreateDate, lastUpdateDate, needComment, status, code, startdate, enddate, meanWeight, harbour, label1, label2, label3, batchComposition, batchWeightType) VALUES ('fr.ird.referential.ps.localmarket.Packaging#${REFERENTIAL_PREFIX}002', 0, ${CURRENT_DATE}, ${CURRENT_TIMESTAMP}, FALSE, 1, '2' , NULL        , NULL        , NULL        , '${Harbour_45}'   , 'Poisson pièce Diego TODO'                    , 'Poisson pièce Diego'                    , 'Poisson pièce Diego TODO'                    , 'fr.ird.referential.ps.localmarket.BatchComposition#${REFERENTIAL_PREFIX}02', 'fr.ird.referential.ps.localmarket.BatchWeightType#${REFERENTIAL_PREFIX}02');
INSERT INTO ps_localmarket.Packaging (topiaId, topiaVersion, topiaCreateDate, lastUpdateDate, needComment, status, code, startdate, enddate, meanWeight, harbour, label1, label2, label3, batchComposition, batchWeightType) VALUES ('fr.ird.referential.ps.localmarket.Packaging#${REFERENTIAL_PREFIX}003', 0, ${CURRENT_DATE}, ${CURRENT_TIMESTAMP}, FALSE, 1, '7' , '2010-01-01', NULL        , 1.29999995  , '${Harbour_2}'    , 'Convertisseur Abidjan TODO'                  , 'Convertisseur Abidjan'                  , 'Convertisseur Abidjan TODO'                  , 'fr.ird.referential.ps.localmarket.BatchComposition#${REFERENTIAL_PREFIX}01', 'fr.ird.referential.ps.localmarket.BatchWeightType#${REFERENTIAL_PREFIX}01');
INSERT INTO ps_localmarket.Packaging (topiaId, topiaVersion, topiaCreateDate, lastUpdateDate, needComment, status, code, startdate, enddate, meanWeight, harbour, label1, label2, label3, batchComposition, batchWeightType) VALUES ('fr.ird.referential.ps.localmarket.Packaging#${REFERENTIAL_PREFIX}004', 0, ${CURRENT_DATE}, ${CURRENT_TIMESTAMP}, FALSE, 1, '8' , NULL        , '1982-12-31', 0.75        , '${Harbour_2}'    , 'Fourgonnette Abidjan TODO'                   , 'Fourgonnette Abidjan'                   , 'Fourgonnette Abidjan TODO'                   , 'fr.ird.referential.ps.localmarket.BatchComposition#${REFERENTIAL_PREFIX}01', 'fr.ird.referential.ps.localmarket.BatchWeightType#${REFERENTIAL_PREFIX}01');
INSERT INTO ps_localmarket.Packaging (topiaId, topiaVersion, topiaCreateDate, lastUpdateDate, needComment, status, code, startdate, enddate, meanWeight, harbour, label1, label2, label3, batchComposition, batchWeightType) VALUES ('fr.ird.referential.ps.localmarket.Packaging#${REFERENTIAL_PREFIX}005', 0, ${CURRENT_DATE}, ${CURRENT_TIMESTAMP}, FALSE, 1, '9' , '2000-01-01', NULL        , 2.25        , '${Harbour_2}'    , 'Fourgonnette Abidjan TODO'                   , 'Fourgonnette Abidjan'                   , 'Fourgonnette Abidjan TODO'                   , 'fr.ird.referential.ps.localmarket.BatchComposition#${REFERENTIAL_PREFIX}01', 'fr.ird.referential.ps.localmarket.BatchWeightType#${REFERENTIAL_PREFIX}01');
INSERT INTO ps_localmarket.Packaging (topiaId, topiaVersion, topiaCreateDate, lastUpdateDate, needComment, status, code, startdate, enddate, meanWeight, harbour, label1, label2, label3, batchComposition, batchWeightType) VALUES ('fr.ird.referential.ps.localmarket.Packaging#${REFERENTIAL_PREFIX}006', 0, ${CURRENT_DATE}, ${CURRENT_TIMESTAMP}, FALSE, 1, '10', '1983-01-01', '1984-12-31', 1.5         , '${Harbour_2}'    , 'Bachée Abidjan TODO'                         , 'Bachée Abidjan'                         , 'Bachée Abidjan TODO'                         , 'fr.ird.referential.ps.localmarket.BatchComposition#${REFERENTIAL_PREFIX}01', 'fr.ird.referential.ps.localmarket.BatchWeightType#${REFERENTIAL_PREFIX}01');
INSERT INTO ps_localmarket.Packaging (topiaId, topiaVersion, topiaCreateDate, lastUpdateDate, needComment, status, code, startdate, enddate, meanWeight, harbour, label1, label2, label3, batchComposition, batchWeightType) VALUES ('fr.ird.referential.ps.localmarket.Packaging#${REFERENTIAL_PREFIX}007', 0, ${CURRENT_DATE}, ${CURRENT_TIMESTAMP}, FALSE, 1, '11', '1987-01-01', '1990-12-31', 2.4000001   , '${Harbour_2}'    , 'Bachée Abidjan TODO'                         , 'Bachée Abidjan'                         , 'Bachée Abidjan TODO'                         , 'fr.ird.referential.ps.localmarket.BatchComposition#${REFERENTIAL_PREFIX}01', 'fr.ird.referential.ps.localmarket.BatchWeightType#${REFERENTIAL_PREFIX}01');
INSERT INTO ps_localmarket.Packaging (topiaId, topiaVersion, topiaCreateDate, lastUpdateDate, needComment, status, code, startdate, enddate, meanWeight, harbour, label1, label2, label3, batchComposition, batchWeightType) VALUES ('fr.ird.referential.ps.localmarket.Packaging#${REFERENTIAL_PREFIX}008', 0, ${CURRENT_DATE}, ${CURRENT_TIMESTAMP}, FALSE, 1, '12', '1991-01-01', '1996-12-31', 3           , '${Harbour_2}'    , 'Bachée Abidjan TODO'                         , 'Bachée Abidjan'                         , 'Bachée Abidjan TODO'                         , 'fr.ird.referential.ps.localmarket.BatchComposition#${REFERENTIAL_PREFIX}01', 'fr.ird.referential.ps.localmarket.BatchWeightType#${REFERENTIAL_PREFIX}01');
INSERT INTO ps_localmarket.Packaging (topiaId, topiaVersion, topiaCreateDate, lastUpdateDate, needComment, status, code, startdate, enddate, meanWeight, harbour, label1, label2, label3, batchComposition, batchWeightType) VALUES ('fr.ird.referential.ps.localmarket.Packaging#${REFERENTIAL_PREFIX}009', 0, ${CURRENT_DATE}, ${CURRENT_TIMESTAMP}, FALSE, 1, '13', '1997-01-01', '1999-12-31', 3.5         , '${Harbour_2}'    , 'Bachée Abidjan TODO'                         , 'Bachée Abidjan'                         , 'Bachée Abidjan TODO'                         , 'fr.ird.referential.ps.localmarket.BatchComposition#${REFERENTIAL_PREFIX}01', 'fr.ird.referential.ps.localmarket.BatchWeightType#${REFERENTIAL_PREFIX}01');
INSERT INTO ps_localmarket.Packaging (topiaId, topiaVersion, topiaCreateDate, lastUpdateDate, needComment, status, code, startdate, enddate, meanWeight, harbour, label1, label2, label3, batchComposition, batchWeightType) VALUES ('fr.ird.referential.ps.localmarket.Packaging#${REFERENTIAL_PREFIX}010', 0, ${CURRENT_DATE}, ${CURRENT_TIMESTAMP}, FALSE, 1, '14', '2000-01-01', '2005-12-31', 4.5         , '${Harbour_2}'    , 'Bachée Abidjan TODO'                         , 'Bachée Abidjan'                         , 'Bachée Abidjan TODO'                         , 'fr.ird.referential.ps.localmarket.BatchComposition#${REFERENTIAL_PREFIX}01', 'fr.ird.referential.ps.localmarket.BatchWeightType#${REFERENTIAL_PREFIX}01');
INSERT INTO ps_localmarket.Packaging (topiaId, topiaVersion, topiaCreateDate, lastUpdateDate, needComment, status, code, startdate, enddate, meanWeight, harbour, label1, label2, label3, batchComposition, batchWeightType) VALUES ('fr.ird.referential.ps.localmarket.Packaging#${REFERENTIAL_PREFIX}011', 0, ${CURRENT_DATE}, ${CURRENT_TIMESTAMP}, FALSE, 1, '15', '2006-01-01', '2008-12-31', 2.4000001   , '${Harbour_2}'    , 'Bachée Abidjan TODO'                         , 'Bachée Abidjan'                         , 'Bachée Abidjan TODO'                         , 'fr.ird.referential.ps.localmarket.BatchComposition#${REFERENTIAL_PREFIX}01', 'fr.ird.referential.ps.localmarket.BatchWeightType#${REFERENTIAL_PREFIX}01');
INSERT INTO ps_localmarket.Packaging (topiaId, topiaVersion, topiaCreateDate, lastUpdateDate, needComment, status, code, startdate, enddate, meanWeight, harbour, label1, label2, label3, batchComposition, batchWeightType) VALUES ('fr.ird.referential.ps.localmarket.Packaging#${REFERENTIAL_PREFIX}012', 0, ${CURRENT_DATE}, ${CURRENT_TIMESTAMP}, FALSE, 1, '16', '2009-01-01', '2012-12-31', 1.70000005  , '${Harbour_2}'    , 'Bachée Abidjan TODO'                         , 'Bachée Abidjan'                         , 'Bachée Abidjan TODO'                         , 'fr.ird.referential.ps.localmarket.BatchComposition#${REFERENTIAL_PREFIX}01', 'fr.ird.referential.ps.localmarket.BatchWeightType#${REFERENTIAL_PREFIX}01');
INSERT INTO ps_localmarket.Packaging (topiaId, topiaVersion, topiaCreateDate, lastUpdateDate, needComment, status, code, startdate, enddate, meanWeight, harbour, label1, label2, label3, batchComposition, batchWeightType) VALUES ('fr.ird.referential.ps.localmarket.Packaging#${REFERENTIAL_PREFIX}013', 0, ${CURRENT_DATE}, ${CURRENT_TIMESTAMP}, FALSE, 1, '17', '2004-01-01', '2004-08-31', 5.5         , '${Harbour_2}'    , 'Camion (Hyno) Abidjan TODO'                  , 'Camion (Hyno) Abidjan'                  , 'Camion (Hyno) Abidjan TODO'                  , 'fr.ird.referential.ps.localmarket.BatchComposition#${REFERENTIAL_PREFIX}01', 'fr.ird.referential.ps.localmarket.BatchWeightType#${REFERENTIAL_PREFIX}01');
INSERT INTO ps_localmarket.Packaging (topiaId, topiaVersion, topiaCreateDate, lastUpdateDate, needComment, status, code, startdate, enddate, meanWeight, harbour, label1, label2, label3, batchComposition, batchWeightType) VALUES ('fr.ird.referential.ps.localmarket.Packaging#${REFERENTIAL_PREFIX}014', 0, ${CURRENT_DATE}, ${CURRENT_TIMESTAMP}, FALSE, 1, '18', '2004-09-01', '2008-12-31', 6.5         , '${Harbour_2}'    , 'Camion (Hyno) Abidjan TODO'                  , 'Camion (Hyno) Abidjan'                  , 'Camion (Hyno) Abidjan TODO'                  , 'fr.ird.referential.ps.localmarket.BatchComposition#${REFERENTIAL_PREFIX}01', 'fr.ird.referential.ps.localmarket.BatchWeightType#${REFERENTIAL_PREFIX}01');
INSERT INTO ps_localmarket.Packaging (topiaId, topiaVersion, topiaCreateDate, lastUpdateDate, needComment, status, code, startdate, enddate, meanWeight, harbour, label1, label2, label3, batchComposition, batchWeightType) VALUES ('fr.ird.referential.ps.localmarket.Packaging#${REFERENTIAL_PREFIX}015', 0, ${CURRENT_DATE}, ${CURRENT_TIMESTAMP}, FALSE, 1, '19', '2009-01-01', NULL        , 5.5         , '${Harbour_2}'    , 'Camion (Hyno) Abidjan TODO'                  , 'Camion (Hyno) Abidjan'                  , 'Camion (Hyno) Abidjan TODO'                  , 'fr.ird.referential.ps.localmarket.BatchComposition#${REFERENTIAL_PREFIX}01', 'fr.ird.referential.ps.localmarket.BatchWeightType#${REFERENTIAL_PREFIX}01');
INSERT INTO ps_localmarket.Packaging (topiaId, topiaVersion, topiaCreateDate, lastUpdateDate, needComment, status, code, startdate, enddate, meanWeight, harbour, label1, label2, label3, batchComposition, batchWeightType) VALUES ('fr.ird.referential.ps.localmarket.Packaging#${REFERENTIAL_PREFIX}016', 0, ${CURRENT_DATE}, ${CURRENT_TIMESTAMP}, FALSE, 1, '20', '1982-01-01', '1982-12-31', 0.25        , '${Harbour_2}'    , 'Charrette Abidjan TODO'                      , 'Charrette Abidjan'                      , 'Charrette Abidjan TODO'                      , 'fr.ird.referential.ps.localmarket.BatchComposition#${REFERENTIAL_PREFIX}01', 'fr.ird.referential.ps.localmarket.BatchWeightType#${REFERENTIAL_PREFIX}01');
INSERT INTO ps_localmarket.Packaging (topiaId, topiaVersion, topiaCreateDate, lastUpdateDate, needComment, status, code, startdate, enddate, meanWeight, harbour, label1, label2, label3, batchComposition, batchWeightType) VALUES ('fr.ird.referential.ps.localmarket.Packaging#${REFERENTIAL_PREFIX}017', 0, ${CURRENT_DATE}, ${CURRENT_TIMESTAMP}, FALSE, 1, '21', '1983-01-01', '1983-12-31', 1.20000005  , '${Harbour_2}'    , 'Filet Abidjan TODO'                          , 'Filet Abidjan'                          , 'Filet Abidjan TODO'                          , 'fr.ird.referential.ps.localmarket.BatchComposition#${REFERENTIAL_PREFIX}01', 'fr.ird.referential.ps.localmarket.BatchWeightType#${REFERENTIAL_PREFIX}01');
INSERT INTO ps_localmarket.Packaging (topiaId, topiaVersion, topiaCreateDate, lastUpdateDate, needComment, status, code, startdate, enddate, meanWeight, harbour, label1, label2, label3, batchComposition, batchWeightType) VALUES ('fr.ird.referential.ps.localmarket.Packaging#${REFERENTIAL_PREFIX}018', 0, ${CURRENT_DATE}, ${CURRENT_TIMESTAMP}, FALSE, 1, '22', '2011-10-29', '2011-10-29', 3           , '${Harbour_45}'   , 'Filet Diego TODO'                            , 'Filet Diego'                            , 'Filet Diego TODO'                            , 'fr.ird.referential.ps.localmarket.BatchComposition#${REFERENTIAL_PREFIX}01', 'fr.ird.referential.ps.localmarket.BatchWeightType#${REFERENTIAL_PREFIX}01');
INSERT INTO ps_localmarket.Packaging (topiaId, topiaVersion, topiaCreateDate, lastUpdateDate, needComment, status, code, startdate, enddate, meanWeight, harbour, label1, label2, label3, batchComposition, batchWeightType) VALUES ('fr.ird.referential.ps.localmarket.Packaging#${REFERENTIAL_PREFIX}019', 0, ${CURRENT_DATE}, ${CURRENT_TIMESTAMP}, FALSE, 1, '23', '2011-10-30', '2011-10-30', 1           , '${Harbour_45}'   , 'Filet Diego TODO'                            , 'Filet Diego'                            , 'Filet Diego TODO'                            , 'fr.ird.referential.ps.localmarket.BatchComposition#${REFERENTIAL_PREFIX}01', 'fr.ird.referential.ps.localmarket.BatchWeightType#${REFERENTIAL_PREFIX}01');
INSERT INTO ps_localmarket.Packaging (topiaId, topiaVersion, topiaCreateDate, lastUpdateDate, needComment, status, code, startdate, enddate, meanWeight, harbour, label1, label2, label3, batchComposition, batchWeightType) VALUES ('fr.ird.referential.ps.localmarket.Packaging#${REFERENTIAL_PREFIX}020', 0, ${CURRENT_DATE}, ${CURRENT_TIMESTAMP}, FALSE, 1, '24', '2012-01-01', NULL        , 1           , '${Harbour_45}'   , 'Filet Diego TODO'                            , 'Filet Diego'                            , 'Filet Diego TODO'                            , 'fr.ird.referential.ps.localmarket.BatchComposition#${REFERENTIAL_PREFIX}01', 'fr.ird.referential.ps.localmarket.BatchWeightType#${REFERENTIAL_PREFIX}01');
INSERT INTO ps_localmarket.Packaging (topiaId, topiaVersion, topiaCreateDate, lastUpdateDate, needComment, status, code, startdate, enddate, meanWeight, harbour, label1, label2, label3, batchComposition, batchWeightType) VALUES ('fr.ird.referential.ps.localmarket.Packaging#${REFERENTIAL_PREFIX}021', 0, ${CURRENT_DATE}, ${CURRENT_TIMESTAMP}, FALSE, 1, '25', '2011-01-01', '2014-12-31', 1.20000005  , '${Harbour_45}'   , 'Casier filet gros thons Diego TODO'          , 'Casier filet gros thons Diego'          , 'Casier filet gros thons Diego TODO'          , 'fr.ird.referential.ps.localmarket.BatchComposition#${REFERENTIAL_PREFIX}01', 'fr.ird.referential.ps.localmarket.BatchWeightType#${REFERENTIAL_PREFIX}01');
INSERT INTO ps_localmarket.Packaging (topiaId, topiaVersion, topiaCreateDate, lastUpdateDate, needComment, status, code, startdate, enddate, meanWeight, harbour, label1, label2, label3, batchComposition, batchWeightType) VALUES ('fr.ird.referential.ps.localmarket.Packaging#${REFERENTIAL_PREFIX}022', 0, ${CURRENT_DATE}, ${CURRENT_TIMESTAMP}, FALSE, 1, '26', '2011-01-01', NULL        , 1.39999998  , '${Harbour_45}'   , 'Casier filet petits thons Diego TODO'        , 'Casier filet petits thons Diego'        , 'Casier filet petits thons Diego TODO'        , 'fr.ird.referential.ps.localmarket.BatchComposition#${REFERENTIAL_PREFIX}01', 'fr.ird.referential.ps.localmarket.BatchWeightType#${REFERENTIAL_PREFIX}01');
INSERT INTO ps_localmarket.Packaging (topiaId, topiaVersion, topiaCreateDate, lastUpdateDate, needComment, status, code, startdate, enddate, meanWeight, harbour, label1, label2, label3, batchComposition, batchWeightType) VALUES ('fr.ird.referential.ps.localmarket.Packaging#${REFERENTIAL_PREFIX}023', 0, ${CURRENT_DATE}, ${CURRENT_TIMESTAMP}, FALSE, 1, '27', '2011-01-01', '2011-12-31', 1.10000002  , '${Harbour_45}'   , 'Casier métallique gros thons Diego TODO'     , 'Casier métallique gros thons Diego'     , 'Casier métallique gros thons Diego TODO'     , 'fr.ird.referential.ps.localmarket.BatchComposition#${REFERENTIAL_PREFIX}01', 'fr.ird.referential.ps.localmarket.BatchWeightType#${REFERENTIAL_PREFIX}01');
INSERT INTO ps_localmarket.Packaging (topiaId, topiaVersion, topiaCreateDate, lastUpdateDate, needComment, status, code, startdate, enddate, meanWeight, harbour, label1, label2, label3, batchComposition, batchWeightType) VALUES ('fr.ird.referential.ps.localmarket.Packaging#${REFERENTIAL_PREFIX}024', 0, ${CURRENT_DATE}, ${CURRENT_TIMESTAMP}, FALSE, 1, '28', '2011-01-01', NULL        , 1.20000005  , '${Harbour_45}'   , 'Casier métallique petits thons Diego TODO'   , 'Casier métallique petits thons Diego'   , 'Casier métallique petits thons Diego TODO'   , 'fr.ird.referential.ps.localmarket.BatchComposition#${REFERENTIAL_PREFIX}01', 'fr.ird.referential.ps.localmarket.BatchWeightType#${REFERENTIAL_PREFIX}01');
INSERT INTO ps_localmarket.Packaging (topiaId, topiaVersion, topiaCreateDate, lastUpdateDate, needComment, status, code, startdate, enddate, meanWeight, harbour, label1, label2, label3, batchComposition, batchWeightType) VALUES ('fr.ird.referential.ps.localmarket.Packaging#${REFERENTIAL_PREFIX}025', 0, ${CURRENT_DATE}, ${CURRENT_TIMESTAMP}, FALSE, 1, '29', NULL        , NULL        , NULL        , '${Harbour_2}'    , 'Pesée Abidjan TODO'                          , 'Pesée Abidjan'                          , 'Pesée Abidjan TODO'                          , 'fr.ird.referential.ps.localmarket.BatchComposition#${REFERENTIAL_PREFIX}01', 'fr.ird.referential.ps.localmarket.BatchWeightType#${REFERENTIAL_PREFIX}01');
INSERT INTO ps_localmarket.Packaging (topiaId, topiaVersion, topiaCreateDate, lastUpdateDate, needComment, status, code, startdate, enddate, meanWeight, harbour, label1, label2, label3, batchComposition, batchWeightType) VALUES ('fr.ird.referential.ps.localmarket.Packaging#${REFERENTIAL_PREFIX}026', 0, ${CURRENT_DATE}, ${CURRENT_TIMESTAMP}, FALSE, 1, '30', NULL        , NULL        , NULL        , '${Harbour_45}'   , 'Pesée Diego TODO'                            , 'Pesée Diego'                            , 'Pesée Diego TODO'                            , 'fr.ird.referential.ps.localmarket.BatchComposition#${REFERENTIAL_PREFIX}01', 'fr.ird.referential.ps.localmarket.BatchWeightType#${REFERENTIAL_PREFIX}01');
INSERT INTO ps_localmarket.Packaging (topiaId, topiaVersion, topiaCreateDate, lastUpdateDate, needComment, status, code, startdate, enddate, meanWeight, harbour, label1, label2, label3, batchComposition, batchWeightType) VALUES ('fr.ird.referential.ps.localmarket.Packaging#${REFERENTIAL_PREFIX}027', 0, ${CURRENT_DATE}, ${CURRENT_TIMESTAMP}, FALSE, 1, '31', NULL        , NULL        , NULL        , '${Harbour_2}'    , 'Sac monospécifique pesé Abidjan TODO'        , 'Sac monospécifique pesé Abidjan'        , 'Sac monospécifique pesé Abidjan TODO'        , 'fr.ird.referential.ps.localmarket.BatchComposition#${REFERENTIAL_PREFIX}02', 'fr.ird.referential.ps.localmarket.BatchWeightType#${REFERENTIAL_PREFIX}01');
INSERT INTO ps_localmarket.Packaging (topiaId, topiaVersion, topiaCreateDate, lastUpdateDate, needComment, status, code, startdate, enddate, meanWeight, harbour, label1, label2, label3, batchComposition, batchWeightType) VALUES ('fr.ird.referential.ps.localmarket.Packaging#${REFERENTIAL_PREFIX}028', 0, ${CURRENT_DATE}, ${CURRENT_TIMESTAMP}, FALSE, 1, '32', NULL        , NULL        , NULL        , '${Harbour_45}'   , 'Sac monospécifique pesé Diego TODO'          , 'Sac monospécifique pesé Diego'          , 'Sac monospécifique pesé Diego TODO'          , 'fr.ird.referential.ps.localmarket.BatchComposition#${REFERENTIAL_PREFIX}02', 'fr.ird.referential.ps.localmarket.BatchWeightType#${REFERENTIAL_PREFIX}01');
INSERT INTO ps_localmarket.Packaging (topiaId, topiaVersion, topiaCreateDate, lastUpdateDate, needComment, status, code, startdate, enddate, meanWeight, harbour, label1, label2, label3, batchComposition, batchWeightType) VALUES ('fr.ird.referential.ps.localmarket.Packaging#${REFERENTIAL_PREFIX}029', 0, ${CURRENT_DATE}, ${CURRENT_TIMESTAMP}, FALSE, 1, '33', NULL        , NULL        , NULL        , '${Harbour_3}'    , 'Pesée Dakar TODO'                            , 'Pesée Dakar'                            , 'Pesée Dakar TODO'                            , 'fr.ird.referential.ps.localmarket.BatchComposition#${REFERENTIAL_PREFIX}01', 'fr.ird.referential.ps.localmarket.BatchWeightType#${REFERENTIAL_PREFIX}01');
INSERT INTO ps_localmarket.Packaging (topiaId, topiaVersion, topiaCreateDate, lastUpdateDate, needComment, status, code, startdate, enddate, meanWeight, harbour, label1, label2, label3, batchComposition, batchWeightType) VALUES ('fr.ird.referential.ps.localmarket.Packaging#${REFERENTIAL_PREFIX}030', 0, ${CURRENT_DATE}, ${CURRENT_TIMESTAMP}, FALSE, 1, '34', NULL        , NULL        , NULL        , '${Harbour_10}'   , 'Pesée Téma TODO'                             , 'Pesée Téma'                             , 'Pesée Téma TODO'                             , 'fr.ird.referential.ps.localmarket.BatchComposition#${REFERENTIAL_PREFIX}01', 'fr.ird.referential.ps.localmarket.BatchWeightType#${REFERENTIAL_PREFIX}01');
INSERT INTO ps_localmarket.Packaging (topiaId, topiaVersion, topiaCreateDate, lastUpdateDate, needComment, status, code, startdate, enddate, meanWeight, harbour, label1, label2, label3, batchComposition, batchWeightType) VALUES ('fr.ird.referential.ps.localmarket.Packaging#${REFERENTIAL_PREFIX}031', 0, ${CURRENT_DATE}, ${CURRENT_TIMESTAMP}, FALSE, 1, '40', NULL        , NULL        , NULL        , '${Harbour_2}'    , 'Rejet usine pesé Abidjan TODO'               , 'Rejet usine pesé Abidjan'               , 'Rejet usine pesé Abidjan TODO'               , 'fr.ird.referential.ps.localmarket.BatchComposition#${REFERENTIAL_PREFIX}01', 'fr.ird.referential.ps.localmarket.BatchWeightType#${REFERENTIAL_PREFIX}01');
INSERT INTO ps_localmarket.Packaging (topiaId, topiaVersion, topiaCreateDate, lastUpdateDate, needComment, status, code, startdate, enddate, meanWeight, harbour, label1, label2, label3, batchComposition, batchWeightType) VALUES ('fr.ird.referential.ps.localmarket.Packaging#${REFERENTIAL_PREFIX}032', 0, ${CURRENT_DATE}, ${CURRENT_TIMESTAMP}, FALSE, 1, '41', NULL        , NULL        , NULL        , '${Harbour_45}'   , 'Rejet usine pesé Diego TODO'                 , 'Rejet usine pesé Diego'                 , 'Rejet usine pesé Diego TODO'                 , 'fr.ird.referential.ps.localmarket.BatchComposition#${REFERENTIAL_PREFIX}01', 'fr.ird.referential.ps.localmarket.BatchWeightType#${REFERENTIAL_PREFIX}01');
INSERT INTO ps_localmarket.Packaging (topiaId, topiaVersion, topiaCreateDate, lastUpdateDate, needComment, status, code, startdate, enddate, meanWeight, harbour, label1, label2, label3, batchComposition, batchWeightType) VALUES ('fr.ird.referential.ps.localmarket.Packaging#${REFERENTIAL_PREFIX}033', 0, ${CURRENT_DATE}, ${CURRENT_TIMESTAMP}, FALSE, 1, '42', NULL        , NULL        , NULL        , '${Harbour_42}'   , 'Rejet usine pesé Victoria TODO'              , 'Rejet usine pesé Victoria'              , 'Rejet usine pesé Victoria TODO'              , 'fr.ird.referential.ps.localmarket.BatchComposition#${REFERENTIAL_PREFIX}01', 'fr.ird.referential.ps.localmarket.BatchWeightType#${REFERENTIAL_PREFIX}01');
INSERT INTO ps_localmarket.Packaging (topiaId, topiaVersion, topiaCreateDate, lastUpdateDate, needComment, status, code, startdate, enddate, meanWeight, harbour, label1, label2, label3, batchComposition, batchWeightType) VALUES ('fr.ird.referential.ps.localmarket.Packaging#${REFERENTIAL_PREFIX}034', 0, ${CURRENT_DATE}, ${CURRENT_TIMESTAMP}, FALSE, 1, '44', NULL        , NULL        , NULL        , '${Harbour_43}'   , 'Rejet usine pesé Port-Louis TODO'            , 'Rejet usine pesé Port-Louis'            , 'Rejet usine pesé Port-Louis TODO'            , 'fr.ird.referential.ps.localmarket.BatchComposition#${REFERENTIAL_PREFIX}01', 'fr.ird.referential.ps.localmarket.BatchWeightType#${REFERENTIAL_PREFIX}01');
INSERT INTO ps_localmarket.Packaging (topiaId, topiaVersion, topiaCreateDate, lastUpdateDate, needComment, status, code, startdate, enddate, meanWeight, harbour, label1, label2, label3, batchComposition, batchWeightType) VALUES ('fr.ird.referential.ps.localmarket.Packaging#${REFERENTIAL_PREFIX}035', 0, ${CURRENT_DATE}, ${CURRENT_TIMESTAMP}, FALSE, 1, '45', NULL        , NULL        , NULL        , '${Harbour_48}'   , 'Rejet usine pesé Monbasa TODO'               , 'Rejet usine pesé Monbasa'               , 'Rejet usine pesé Monbasa TODO'               , 'fr.ird.referential.ps.localmarket.BatchComposition#${REFERENTIAL_PREFIX}01', 'fr.ird.referential.ps.localmarket.BatchWeightType#${REFERENTIAL_PREFIX}01');
INSERT INTO ps_localmarket.Packaging (topiaId, topiaVersion, topiaCreateDate, lastUpdateDate, needComment, status, code, startdate, enddate, meanWeight, harbour, label1, label2, label3, batchComposition, batchWeightType) VALUES ('fr.ird.referential.ps.localmarket.Packaging#${REFERENTIAL_PREFIX}036', 0, ${CURRENT_DATE}, ${CURRENT_TIMESTAMP}, FALSE, 1, '46', NULL        , NULL        , NULL        , '${Harbour_43}'   , 'Pesée Port-Louis TODO'                       , 'Pesée Port-Louis'                       , 'Pesée Port-Louis TODO'                       , 'fr.ird.referential.ps.localmarket.BatchComposition#${REFERENTIAL_PREFIX}01', 'fr.ird.referential.ps.localmarket.BatchWeightType#${REFERENTIAL_PREFIX}01');
INSERT INTO ps_localmarket.Packaging (topiaId, topiaVersion, topiaCreateDate, lastUpdateDate, needComment, status, code, startdate, enddate, meanWeight, harbour, label1, label2, label3, batchComposition, batchWeightType) VALUES ('fr.ird.referential.ps.localmarket.Packaging#${REFERENTIAL_PREFIX}037', 0, ${CURRENT_DATE}, ${CURRENT_TIMESTAMP}, FALSE, 1, '47', NULL        , NULL        , NULL        , '${Harbour_42}'   , 'Pesée Victoria TODO'                         , 'Pesée Victoria'                         , 'Pesée Victoria TODO'                         , 'fr.ird.referential.ps.localmarket.BatchComposition#${REFERENTIAL_PREFIX}01', 'fr.ird.referential.ps.localmarket.BatchWeightType#${REFERENTIAL_PREFIX}01');
INSERT INTO ps_localmarket.Packaging (topiaId, topiaVersion, topiaCreateDate, lastUpdateDate, needComment, status, code, startdate, enddate, meanWeight, harbour, label1, label2, label3, batchComposition, batchWeightType) VALUES ('fr.ird.referential.ps.localmarket.Packaging#${REFERENTIAL_PREFIX}038', 0, ${CURRENT_DATE}, ${CURRENT_TIMESTAMP}, FALSE, 1, '48', NULL        , NULL        , NULL        , '${Harbour_48}'   , 'Pesée Monbasa TODO'                          , 'Pesée Monbasa'                          , 'Pesée Monbasa TODO'                          , 'fr.ird.referential.ps.localmarket.BatchComposition#${REFERENTIAL_PREFIX}01', 'fr.ird.referential.ps.localmarket.BatchWeightType#${REFERENTIAL_PREFIX}01');
INSERT INTO ps_localmarket.Packaging (topiaId, topiaVersion, topiaCreateDate, lastUpdateDate, needComment, status, code, startdate, enddate, meanWeight, harbour, label1, label2, label3, batchComposition, batchWeightType) VALUES ('fr.ird.referential.ps.localmarket.Packaging#${REFERENTIAL_PREFIX}039', 0, ${CURRENT_DATE}, ${CURRENT_TIMESTAMP}, FALSE, 1, '49', NULL        , NULL        , 0.0599999987, '${Harbour_2}'    , 'Paquet 60 kg Abidjan TODO'                   , 'Paquet 60 kg Abidjan'                   , 'Paquet 60 kg Abidjan TODO'                   , 'fr.ird.referential.ps.localmarket.BatchComposition#${REFERENTIAL_PREFIX}02', 'fr.ird.referential.ps.localmarket.BatchWeightType#${REFERENTIAL_PREFIX}03');
INSERT INTO ps_localmarket.Packaging (topiaId, topiaVersion, topiaCreateDate, lastUpdateDate, needComment, status, code, startdate, enddate, meanWeight, harbour, label1, label2, label3, batchComposition, batchWeightType) VALUES ('fr.ird.referential.ps.localmarket.Packaging#${REFERENTIAL_PREFIX}040', 0, ${CURRENT_DATE}, ${CURRENT_TIMESTAMP}, FALSE, 1, '50', NULL        , NULL        , 0.0299999993, '${Harbour_45}'   , 'Paquet 30 kg Diego TODO'                     , 'Paquet 30 kg Diego'                     , 'Paquet 30 kg Diego TODO'                     , 'fr.ird.referential.ps.localmarket.BatchComposition#${REFERENTIAL_PREFIX}02', 'fr.ird.referential.ps.localmarket.BatchWeightType#${REFERENTIAL_PREFIX}03');
INSERT INTO ps_localmarket.Packaging (topiaId, topiaVersion, topiaCreateDate, lastUpdateDate, needComment, status, code, startdate, enddate, meanWeight, harbour, label1, label2, label3, batchComposition, batchWeightType) VALUES ('fr.ird.referential.ps.localmarket.Packaging#${REFERENTIAL_PREFIX}041', 0, ${CURRENT_DATE}, ${CURRENT_TIMESTAMP}, FALSE, 1, '51', NULL        , NULL        , 0.0299999993, '${Harbour_2}'    , 'Paquet 30 kg Abidjan TODO'                   , 'Paquet 30 kg Abidjan'                   , 'Paquet 30 kg Abidjan TODO'                   , 'fr.ird.referential.ps.localmarket.BatchComposition#${REFERENTIAL_PREFIX}02', 'fr.ird.referential.ps.localmarket.BatchWeightType#${REFERENTIAL_PREFIX}03');
INSERT INTO ps_localmarket.Packaging (topiaId, topiaVersion, topiaCreateDate, lastUpdateDate, needComment, status, code, startdate, enddate, meanWeight, harbour, label1, label2, label3, batchComposition, batchWeightType) VALUES ('fr.ird.referential.ps.localmarket.Packaging#${REFERENTIAL_PREFIX}042', 0, ${CURRENT_DATE}, ${CURRENT_TIMESTAMP}, FALSE, 1, '52', NULL        , NULL        , 0.0599999987, '${Harbour_45}'   , 'Paquet 60 kg Diego TODO'                     , 'Paquet 60 kg Diego'                     , 'Paquet 60 kg Diego TODO'                     , 'fr.ird.referential.ps.localmarket.BatchComposition#${REFERENTIAL_PREFIX}02', 'fr.ird.referential.ps.localmarket.BatchWeightType#${REFERENTIAL_PREFIX}03');
INSERT INTO ps_localmarket.Packaging (topiaId, topiaVersion, topiaCreateDate, lastUpdateDate, needComment, status, code, startdate, enddate, meanWeight, harbour, label1, label2, label3, batchComposition, batchWeightType) VALUES ('fr.ird.referential.ps.localmarket.Packaging#${REFERENTIAL_PREFIX}043', 0, ${CURRENT_DATE}, ${CURRENT_TIMESTAMP}, FALSE, 1, '53', '2015-01-01', NULL        , NULL        , '${Harbour_42}'   , 'Estimation de poids Victoria (non pesé) TODO', 'Estimation de poids Victoria (non pesé)', 'Estimation de poids Victoria (non pesé) TODO', 'fr.ird.referential.ps.localmarket.BatchComposition#${REFERENTIAL_PREFIX}01', 'fr.ird.referential.ps.localmarket.BatchWeightType#${REFERENTIAL_PREFIX}01');
INSERT INTO ps_localmarket.Packaging (topiaId, topiaVersion, topiaCreateDate, lastUpdateDate, needComment, status, code, startdate, enddate, meanWeight, harbour, label1, label2, label3, batchComposition, batchWeightType) VALUES ('fr.ird.referential.ps.localmarket.Packaging#${REFERENTIAL_PREFIX}044', 0, ${CURRENT_DATE}, ${CURRENT_TIMESTAMP}, FALSE, 1, '54', '2015-01-01', NULL        , 0.0350000001, '${Harbour_45}'   , 'Paquet 35 kg Diego TODO'                     , 'Paquet 35 kg Diego'                     , 'Paquet 35 kg Diego TODO'                     , 'fr.ird.referential.ps.localmarket.BatchComposition#${REFERENTIAL_PREFIX}02', 'fr.ird.referential.ps.localmarket.BatchWeightType#${REFERENTIAL_PREFIX}03');
INSERT INTO ps_localmarket.Packaging (topiaId, topiaVersion, topiaCreateDate, lastUpdateDate, needComment, status, code, startdate, enddate, meanWeight, harbour, label1, label2, label3, batchComposition, batchWeightType) VALUES ('fr.ird.referential.ps.localmarket.Packaging#${REFERENTIAL_PREFIX}045', 0, ${CURRENT_DATE}, ${CURRENT_TIMESTAMP}, FALSE, 1, '55', '2015-01-01', NULL        , NULL        , '${Harbour_45}'   , 'Estimation de poids Diego (non pesé) TODO'   , 'Estimation de poids Diego (non pesé)'   , 'Estimation de poids Diego (non pesé) TODO'   , 'fr.ird.referential.ps.localmarket.BatchComposition#${REFERENTIAL_PREFIX}01', 'fr.ird.referential.ps.localmarket.BatchWeightType#${REFERENTIAL_PREFIX}01');
INSERT INTO ps_localmarket.Packaging (topiaId, topiaVersion, topiaCreateDate, lastUpdateDate, needComment, status, code, startdate, enddate, meanWeight, harbour, label1, label2, label3, batchComposition, batchWeightType) VALUES ('fr.ird.referential.ps.localmarket.Packaging#${REFERENTIAL_PREFIX}056', 0, ${CURRENT_DATE}, ${CURRENT_TIMESTAMP}, FALSE, 0, '56', '2016-01-01', NULL        , 0.100000001 , '${Harbour_3}'    , 'Sacs 100 kg Dakar TODO'                      , 'Sacs 100 kg Dakar'                      , 'Sacs 100 kg Dakar TODO'                      , 'fr.ird.referential.ps.localmarket.BatchComposition#${REFERENTIAL_PREFIX}02', 'fr.ird.referential.ps.localmarket.BatchWeightType#${REFERENTIAL_PREFIX}03');
INSERT INTO ps_localmarket.Packaging (topiaId, topiaVersion, topiaCreateDate, lastUpdateDate, needComment, status, code, startdate, enddate, meanWeight, harbour, label1, label2, label3, batchComposition, batchWeightType) VALUES ('fr.ird.referential.ps.localmarket.Packaging#${REFERENTIAL_PREFIX}057', 0, ${CURRENT_DATE}, ${CURRENT_TIMESTAMP}, FALSE, 0, '57', '2016-01-01', NULL        , 0.0250000004, '${Harbour_3}'    , 'Sacs 25 kg Dakar TODO'                       , 'Sacs 25 kg Dakar'                       , 'Sacs 25 kg Dakar TODO'                       , 'fr.ird.referential.ps.localmarket.BatchComposition#${REFERENTIAL_PREFIX}02', 'fr.ird.referential.ps.localmarket.BatchWeightType#${REFERENTIAL_PREFIX}03');
INSERT INTO ps_localmarket.Packaging (topiaId, topiaVersion, topiaCreateDate, lastUpdateDate, needComment, status, code, startdate, enddate, meanWeight, harbour, label1, label2, label3, batchComposition, batchWeightType) VALUES ('fr.ird.referential.ps.localmarket.Packaging#${REFERENTIAL_PREFIX}058', 0, ${CURRENT_DATE}, ${CURRENT_TIMESTAMP}, FALSE, 0, '58', '2016-01-01', NULL        , NULL        , '${Harbour_3}'    , 'Poisson pièce Dakar TODO'                    , 'Poisson pièce Dakar'                    , 'Poisson pièce Dakar TODO'                    , 'fr.ird.referential.ps.localmarket.BatchComposition#${REFERENTIAL_PREFIX}02', 'fr.ird.referential.ps.localmarket.BatchWeightType#${REFERENTIAL_PREFIX}02');
INSERT INTO ps_localmarket.Packaging (topiaId, topiaVersion, topiaCreateDate, lastUpdateDate, needComment, status, code, startdate, enddate, meanWeight, harbour, label1, label2, label3, batchComposition, batchWeightType) VALUES ('fr.ird.referential.ps.localmarket.Packaging#${REFERENTIAL_PREFIX}059', 0, ${CURRENT_DATE}, ${CURRENT_TIMESTAMP}, FALSE, 0, '59', '2016-01-01', NULL        , 0.100000001 , '${Harbour_2}'    , 'Sac 100 Kg Abidjan TODO'                     , 'Sac 100 Kg Abidjan'                     , 'Sac 100 Kg Abidjan TODO'                     , 'fr.ird.referential.ps.localmarket.BatchComposition#${REFERENTIAL_PREFIX}02', 'fr.ird.referential.ps.localmarket.BatchWeightType#${REFERENTIAL_PREFIX}03');
INSERT INTO ps_localmarket.Packaging (topiaId, topiaVersion, topiaCreateDate, lastUpdateDate, needComment, status, code, startdate, enddate, meanWeight, harbour, label1, label2, label3, batchComposition, batchWeightType) VALUES ('fr.ird.referential.ps.localmarket.Packaging#${REFERENTIAL_PREFIX}060', 0, ${CURRENT_DATE}, ${CURRENT_TIMESTAMP}, FALSE, 0, '60', '2019-01-01', NULL        , NULL        , '${Harbour_113}'  , 'Pesée Mindelo TODO'                          , 'Pesée Mindelo'                          , 'Pesée Mindelo TODO'                          , 'fr.ird.referential.ps.localmarket.BatchComposition#${REFERENTIAL_PREFIX}01', 'fr.ird.referential.ps.localmarket.BatchWeightType#${REFERENTIAL_PREFIX}01');
INSERT INTO ps_localmarket.Packaging (topiaId, topiaVersion, topiaCreateDate, lastUpdateDate, needComment, status, code, startdate, enddate, meanWeight, harbour, label1, label2, label3, batchComposition, batchWeightType) VALUES ('fr.ird.referential.ps.localmarket.Packaging#${REFERENTIAL_PREFIX}061', 0, ${CURRENT_DATE}, ${CURRENT_TIMESTAMP}, FALSE, 0, '61', '2019-01-01', NULL        , NULL        , '${Harbour_122}'  , 'Pesée Pobra Do Caraminal TODO'               , 'Pesée Pobra Do Caraminal'               , 'Pesée Pobra Do Caraminal TODO'               , 'fr.ird.referential.ps.localmarket.BatchComposition#${REFERENTIAL_PREFIX}01', 'fr.ird.referential.ps.localmarket.BatchWeightType#${REFERENTIAL_PREFIX}01');
INSERT INTO ps_localmarket.Packaging (topiaId, topiaVersion, topiaCreateDate, lastUpdateDate, needComment, status, code, startdate, enddate, meanWeight, harbour, label1, label2, label3, batchComposition, batchWeightType) VALUES ('fr.ird.referential.ps.localmarket.Packaging#${REFERENTIAL_PREFIX}062', 0, ${CURRENT_DATE}, ${CURRENT_TIMESTAMP}, FALSE, 0, '62', '2019-01-01', NULL        , NULL        , '${Harbour_32}'   , 'Pesée Ribeira TODO'                          , 'Pesée Ribeira'                          , 'Pesée Ribeira TODO'                          , 'fr.ird.referential.ps.localmarket.BatchComposition#${REFERENTIAL_PREFIX}01', 'fr.ird.referential.ps.localmarket.BatchWeightType#${REFERENTIAL_PREFIX}01');
INSERT INTO ps_localmarket.Packaging (topiaId, topiaVersion, topiaCreateDate, lastUpdateDate, needComment, status, code, startdate, enddate, meanWeight, harbour, label1, label2, label3, batchComposition, batchWeightType) VALUES ('fr.ird.referential.ps.localmarket.Packaging#${REFERENTIAL_PREFIX}063', 0, ${CURRENT_DATE}, ${CURRENT_TIMESTAMP}, FALSE, 0, '63', '2019-01-01', NULL        , NULL        , '${Harbour_31}'   , 'Pesée Vigo TODO'                             , 'Pesée Vigo'                             , 'Pesée Vigo TODO'                             , 'fr.ird.referential.ps.localmarket.BatchComposition#${REFERENTIAL_PREFIX}01', 'fr.ird.referential.ps.localmarket.BatchWeightType#${REFERENTIAL_PREFIX}01');

INSERT INTO common.LastUpdateDate(topiaId, topiaVersion, topiaCreateDate, lastUpdateDate, type) values ('${LAST_UPDATE_PREFIX}2022', 0, ${CURRENT_DATE}, ${CURRENT_TIMESTAMP}, 'fr.ird.observe.entities.referential.ps.localmarket.BatchComposition');
INSERT INTO common.LastUpdateDate(topiaId, topiaVersion, topiaCreateDate, lastUpdateDate, type) values ('${LAST_UPDATE_PREFIX}2023', 0, ${CURRENT_DATE}, ${CURRENT_TIMESTAMP}, 'fr.ird.observe.entities.referential.ps.localmarket.BatchWeightType');
INSERT INTO common.LastUpdateDate(topiaId, topiaVersion, topiaCreateDate, lastUpdateDate, type) values ('${LAST_UPDATE_PREFIX}2024', 0, ${CURRENT_DATE}, ${CURRENT_TIMESTAMP}, 'fr.ird.observe.entities.referential.ps.localmarket.Packaging');

INSERT INTO common.LastUpdateDate(topiaId, topiaVersion, topiaCreateDate, lastUpdateDate, type) values ('${LAST_UPDATE_PREFIX}2025', 0, ${CURRENT_DATE}, ${CURRENT_TIMESTAMP}, 'fr.ird.observe.entities.data.ps.localmarket.Batch');
INSERT INTO common.LastUpdateDate(topiaId, topiaVersion, topiaCreateDate, lastUpdateDate, type) values ('${LAST_UPDATE_PREFIX}2026', 0, ${CURRENT_DATE}, ${CURRENT_TIMESTAMP}, 'fr.ird.observe.entities.data.ps.localmarket.Survey');
INSERT INTO common.LastUpdateDate(topiaId, topiaVersion, topiaCreateDate, lastUpdateDate, type) values ('${LAST_UPDATE_PREFIX}2027', 0, ${CURRENT_DATE}, ${CURRENT_TIMESTAMP}, 'fr.ird.observe.entities.data.ps.localmarket.SurveyPart');
INSERT INTO common.LastUpdateDate(topiaId, topiaVersion, topiaCreateDate, lastUpdateDate, type) values ('${LAST_UPDATE_PREFIX}2028', 0, ${CURRENT_DATE}, ${CURRENT_TIMESTAMP}, 'fr.ird.observe.entities.data.ps.localmarket.Sample');
INSERT INTO common.LastUpdateDate(topiaId, topiaVersion, topiaCreateDate, lastUpdateDate, type) values ('${LAST_UPDATE_PREFIX}2029', 0, ${CURRENT_DATE}, ${CURRENT_TIMESTAMP}, 'fr.ird.observe.entities.data.ps.localmarket.SampleSpecies');
INSERT INTO common.LastUpdateDate(topiaId, topiaVersion, topiaCreateDate, lastUpdateDate, type) values ('${LAST_UPDATE_PREFIX}2033', 0, ${CURRENT_DATE}, ${CURRENT_TIMESTAMP}, 'fr.ird.observe.entities.data.ps.localmarket.SampleSpeciesMeasure');
